﻿<AML>
 <Item type="ItemType" id="7C7DC31A12984CD3922B27D868DD3E47" action="add">
  <allow_private_permission>1</allow_private_permission>
  <auto_search>1</auto_search>
  <enforce_discovery>1</enforce_discovery>
  <hide_where_used>0</hide_where_used>
  <history_template keyed_name="Default" type="History Template">3BC16EF9E52B4F9792AB76BCE0492F29</history_template>
  <implementation_type>table</implementation_type>
  <instance_data>STUDENT_MARK</instance_data>
  <is_dependent>0</is_dependent>
  <is_relationship>0</is_relationship>
  <is_versionable>1</is_versionable>
  <label xml:lang="en">Student Mark</label>
  <label_plural xml:lang="en">Student Mark</label_plural>
  <large_icon>../Images/AdvancedImageViewerOn.svg</large_icon>
  <manual_versioning>0</manual_versioning>
  <open_icon>../Images/AdvancedImageViewerOn.svg</open_icon>
  <revisions keyed_name="Default" type="Revision">7FE395DD8B9F4E1090756A34B733D75E</revisions>
  <show_parameters_tab>0</show_parameters_tab>
  <structure_view>tabs on</structure_view>
  <unlock_on_logout>0</unlock_on_logout>
  <use_src_access>0</use_src_access>
  <name>Student Mark</name>
  <Relationships>
   <Item type="ITPresentationConfiguration" id="54EB6B8F3B07CBC16B77D6069BFA2DFF" action="add">
    <client>js</client>
    <related_id keyed_name="Student Mark_TOC_Configuration" type="PresentationConfiguration">54EB6B8F3B07CBC136326AA7318BB90D</related_id>
    <sort_order>128</sort_order>
    <source_id keyed_name="Student Mark" type="ItemType" name="Student Mark">7C7DC31A12984CD3922B27D868DD3E47</source_id>
   </Item>
   <Item type="Property" id="064F4E8E74C941B5BFAB6900C01AC83F" action="add">
    <column_alignment>left</column_alignment>
    <data_type>string</data_type>
    <is_hidden>0</is_hidden>
    <is_hidden2>0</is_hidden2>
    <is_indexed>0</is_indexed>
    <is_keyed>0</is_keyed>
    <is_multi_valued>0</is_multi_valued>
    <is_required>0</is_required>
    <label xml:lang="en">grade</label>
    <range_inclusive>0</range_inclusive>
    <readonly>0</readonly>
    <sort_order>4736</sort_order>
    <source_id keyed_name="Student Mark" type="ItemType" name="Student Mark">7C7DC31A12984CD3922B27D868DD3E47</source_id>
    <stored_length>32</stored_length>
    <track_history>0</track_history>
    <name>grade</name>
   </Item>
   <Item type="Property" id="FEC803CB230544DE9043EB322EA1292C" action="add">
    <column_alignment>left</column_alignment>
    <data_type>integer</data_type>
    <is_hidden>0</is_hidden>
    <is_hidden2>0</is_hidden2>
    <is_indexed>0</is_indexed>
    <is_keyed>0</is_keyed>
    <is_multi_valued>0</is_multi_valued>
    <is_required>0</is_required>
    <label xml:lang="en">English</label>
    <range_inclusive>0</range_inclusive>
    <readonly>0</readonly>
    <sort_order>4224</sort_order>
    <source_id keyed_name="Student Mark" type="ItemType" name="Student Mark">7C7DC31A12984CD3922B27D868DD3E47</source_id>
    <track_history>0</track_history>
    <name>mark_english</name>
   </Item>
   <Item type="Property" id="D661856436C542E7A4A887E59C1A7E0C" action="add">
    <column_alignment>left</column_alignment>
    <data_type>integer</data_type>
    <is_hidden>0</is_hidden>
    <is_hidden2>0</is_hidden2>
    <is_indexed>0</is_indexed>
    <is_keyed>0</is_keyed>
    <is_multi_valued>0</is_multi_valued>
    <is_required>0</is_required>
    <label xml:lang="en">Hindi</label>
    <range_inclusive>0</range_inclusive>
    <readonly>0</readonly>
    <sort_order>4352</sort_order>
    <source_id keyed_name="Student Mark" type="ItemType" name="Student Mark">7C7DC31A12984CD3922B27D868DD3E47</source_id>
    <track_history>0</track_history>
    <name>mark_hindi</name>
   </Item>
   <Item type="Property" id="D098AE2952204C53A2B267ADF74001BE" action="add">
    <column_alignment>left</column_alignment>
    <data_type>integer</data_type>
    <is_hidden>0</is_hidden>
    <is_hidden2>0</is_hidden2>
    <is_indexed>0</is_indexed>
    <is_keyed>0</is_keyed>
    <is_multi_valued>0</is_multi_valued>
    <is_required>0</is_required>
    <label xml:lang="en">History</label>
    <range_inclusive>0</range_inclusive>
    <readonly>0</readonly>
    <sort_order>3968</sort_order>
    <source_id keyed_name="Student Mark" type="ItemType" name="Student Mark">7C7DC31A12984CD3922B27D868DD3E47</source_id>
    <track_history>0</track_history>
    <name>mark_history</name>
   </Item>
   <Item type="Property" id="7D050A191D034AF7AF2B04245AA63623" action="add">
    <column_alignment>left</column_alignment>
    <data_type>integer</data_type>
    <is_hidden>0</is_hidden>
    <is_hidden2>0</is_hidden2>
    <is_indexed>0</is_indexed>
    <is_keyed>0</is_keyed>
    <is_multi_valued>0</is_multi_valued>
    <is_required>0</is_required>
    <label xml:lang="en">Marathi</label>
    <range_inclusive>0</range_inclusive>
    <readonly>0</readonly>
    <sort_order>4480</sort_order>
    <source_id keyed_name="Student Mark" type="ItemType" name="Student Mark">7C7DC31A12984CD3922B27D868DD3E47</source_id>
    <track_history>0</track_history>
    <name>mark_marathi</name>
   </Item>
   <Item type="Property" id="806CED45B94F4298A2E3FAA21CEB1222" action="add">
    <column_alignment>left</column_alignment>
    <data_type>integer</data_type>
    <is_hidden>0</is_hidden>
    <is_hidden2>0</is_hidden2>
    <is_indexed>0</is_indexed>
    <is_keyed>0</is_keyed>
    <is_multi_valued>0</is_multi_valued>
    <is_required>0</is_required>
    <label xml:lang="en">Math</label>
    <range_inclusive>0</range_inclusive>
    <readonly>0</readonly>
    <sort_order>3840</sort_order>
    <source_id keyed_name="Student Mark" type="ItemType" name="Student Mark">7C7DC31A12984CD3922B27D868DD3E47</source_id>
    <track_history>0</track_history>
    <name>mark_math</name>
   </Item>
   <Item type="Property" id="42435122CCE044A38CFDAA7367A2E0CD" action="add">
    <column_alignment>left</column_alignment>
    <data_source>
     <Item type="Property" action="get" select="id">
      <name>mark_student</name>
      <source_id>7C7DC31A12984CD3922B27D868DD3E47</source_id>
     </Item>
    </data_source>
    <data_type>foreign</data_type>
    <foreign_property>
     <Item type="Property" action="get" select="id">
      <keyed_name>student_name</keyed_name>
      <source_id>
       <Item type="ItemType" action="get" select="id">
        <name>Student</name>
       </Item>
      </source_id>
     </Item>
    </foreign_property>
    <is_hidden>0</is_hidden>
    <is_hidden2>0</is_hidden2>
    <is_indexed>0</is_indexed>
    <is_keyed>0</is_keyed>
    <is_multi_valued>0</is_multi_valued>
    <is_required>0</is_required>
    <label xml:lang="en">Student Name</label>
    <range_inclusive>0</range_inclusive>
    <readonly>0</readonly>
    <sort_order>3584</sort_order>
    <source_id keyed_name="Student Mark" type="ItemType" name="Student Mark">7C7DC31A12984CD3922B27D868DD3E47</source_id>
    <track_history>0</track_history>
    <name>mark_name</name>
   </Item>
   <Item type="Property" id="25D8286C8F594CDEA56A78104AAA50E9" action="add">
    <column_alignment>left</column_alignment>
    <data_source>
     <Item type="Property" action="get" select="id">
      <name>mark_student</name>
      <source_id>7C7DC31A12984CD3922B27D868DD3E47</source_id>
     </Item>
    </data_source>
    <data_type>foreign</data_type>
    <foreign_property>
     <Item type="Property" action="get" select="id">
      <keyed_name>stud_rollno</keyed_name>
      <source_id>
       <Item type="ItemType" action="get" select="id">
        <name>Student</name>
       </Item>
      </source_id>
     </Item>
    </foreign_property>
    <is_hidden>0</is_hidden>
    <is_hidden2>0</is_hidden2>
    <is_indexed>0</is_indexed>
    <is_keyed>0</is_keyed>
    <is_multi_valued>0</is_multi_valued>
    <is_required>0</is_required>
    <label xml:lang="en">Roll Number</label>
    <range_inclusive>0</range_inclusive>
    <readonly>0</readonly>
    <sort_order>3712</sort_order>
    <source_id keyed_name="Student Mark" type="ItemType" name="Student Mark">7C7DC31A12984CD3922B27D868DD3E47</source_id>
    <track_history>0</track_history>
    <name>mark_rollno</name>
   </Item>
   <Item type="Property" id="29B4DDF1847642CBB1D59DC427C4829A" action="add">
    <column_alignment>left</column_alignment>
    <data_type>integer</data_type>
    <is_hidden>0</is_hidden>
    <is_hidden2>0</is_hidden2>
    <is_indexed>0</is_indexed>
    <is_keyed>0</is_keyed>
    <is_multi_valued>0</is_multi_valued>
    <is_required>0</is_required>
    <label xml:lang="en">Science</label>
    <range_inclusive>0</range_inclusive>
    <readonly>0</readonly>
    <sort_order>4096</sort_order>
    <source_id keyed_name="Student Mark" type="ItemType" name="Student Mark">7C7DC31A12984CD3922B27D868DD3E47</source_id>
    <track_history>0</track_history>
    <name>mark_science</name>
   </Item>
   <Item type="Property" id="498632C5C778448F889FBA8EA732CB69" action="add">
    <column_alignment>left</column_alignment>
    <data_source keyed_name="Student" type="ItemType" name="Student">AC8B8FA09D79421287ACD5ACC3F99123</data_source>
    <data_type>item</data_type>
    <is_hidden>0</is_hidden>
    <is_hidden2>0</is_hidden2>
    <is_indexed>0</is_indexed>
    <is_keyed>0</is_keyed>
    <is_multi_valued>0</is_multi_valued>
    <is_required>0</is_required>
    <label xml:lang="en">Student</label>
    <range_inclusive>0</range_inclusive>
    <readonly>0</readonly>
    <sort_order>3456</sort_order>
    <source_id keyed_name="Student Mark" type="ItemType" name="Student Mark">7C7DC31A12984CD3922B27D868DD3E47</source_id>
    <track_history>0</track_history>
    <name>mark_student</name>
   </Item>
   <Item type="Property" id="BF2851ADA4734D88BFBD7E81C89CE41C" action="add">
    <column_alignment>left</column_alignment>
    <data_type>float</data_type>
    <is_hidden>0</is_hidden>
    <is_hidden2>0</is_hidden2>
    <is_indexed>0</is_indexed>
    <is_keyed>0</is_keyed>
    <is_multi_valued>0</is_multi_valued>
    <is_required>0</is_required>
    <label xml:lang="en">Percentage</label>
    <range_inclusive>0</range_inclusive>
    <readonly>0</readonly>
    <sort_order>4608</sort_order>
    <source_id keyed_name="Student Mark" type="ItemType" name="Student Mark">7C7DC31A12984CD3922B27D868DD3E47</source_id>
    <track_history>0</track_history>
    <name>percentage</name>
   </Item>
   <Item type="View" id="B199E70737574EB3B4CEF9DC4C4B8B7B" action="add">
    <client>js</client>
    <related_id keyed_name="Student Mark" type="Form">61F00810C72F4AFF91F53F9AC9E1C0D8</related_id>
    <role keyed_name="World" type="Identity">
     <Item type="Identity" action="get" select="id">
      <name>World</name>
     </Item>
    </role>
    <show_ssvc>0</show_ssvc>
    <sort_order>128</sort_order>
    <source_id keyed_name="Student Mark" type="ItemType" name="Student Mark">7C7DC31A12984CD3922B27D868DD3E47</source_id>
    <type>default</type>
   </Item>
   <Item type="Server Event" id="C19F9C646AF04012A42E2733E4E445F6" action="add">
    <event_version>version_1</event_version>
    <is_required>0</is_required>
    <related_id keyed_name="Student_Marks" type="Method">
     <Item type="Method" action="get" select="id">
      <name>Student_Marks</name>
     </Item>
    </related_id>
    <server_event>onAfterAdd</server_event>
    <sort_order>128</sort_order>
    <source_id keyed_name="Student Mark" type="ItemType" name="Student Mark">7C7DC31A12984CD3922B27D868DD3E47</source_id>
   </Item>
   <Item type="Server Event" id="A9424AF03B6C4365B09C43731AE1154A" action="add">
    <event_version>version_1</event_version>
    <is_required>0</is_required>
    <related_id keyed_name="attached Percentage" type="Method">
     <Item type="Method" action="get" select="id">
      <name>attached Percentage</name>
     </Item>
    </related_id>
    <server_event>onAfterAdd</server_event>
    <sort_order>256</sort_order>
    <source_id keyed_name="Student Mark" type="ItemType" name="Student Mark">7C7DC31A12984CD3922B27D868DD3E47</source_id>
   </Item>
   <Item type="Item Action" id="88E667D25A8E453883F44E9AF350C58D" action="add">
    <related_id keyed_name="Calculator" type="Action">C1FDD9E5E7894BB2B1BE89BFBD44DDB7</related_id>
    <sort_order>128</sort_order>
    <source_id keyed_name="Student Mark" type="ItemType" name="Student Mark">7C7DC31A12984CD3922B27D868DD3E47</source_id>
   </Item>
   <Item type="TOC Access" id="8ECAB561913C445AA370EA8DD9B9CAB8" action="add">
    <related_id keyed_name="World" type="Identity">
     <Item type="Identity" action="get" select="id">
      <name>World</name>
     </Item>
    </related_id>
    <sort_order>128</sort_order>
    <source_id keyed_name="Student Mark" type="ItemType" name="Student Mark">7C7DC31A12984CD3922B27D868DD3E47</source_id>
    <category>Administration/SR</category>
   </Item>
   <Item type="Client Event" id="B1C154124C9A493ABC7E6BC016A9E33D" action="add">
    <related_id keyed_name="Percent_Calculator" type="Method">
     <Item type="Method" action="get" select="id">
      <name>Percent_Calculator</name>
     </Item>
    </related_id>
    <sort_order>128</sort_order>
    <source_id keyed_name="Student Mark" type="ItemType" name="Student Mark">7C7DC31A12984CD3922B27D868DD3E47</source_id>
   </Item>
   <Item type="Can Add" id="C48B7D1ECCCB49C0BDED418A8969470E" action="add">
    <can_add>1</can_add>
    <related_id keyed_name="Principal" type="Identity">F1CA0E15829047E597DCE0A4AC5BC04C</related_id>
    <sort_order>128</sort_order>
    <source_id keyed_name="Student Mark" type="ItemType" name="Student Mark">7C7DC31A12984CD3922B27D868DD3E47</source_id>
   </Item>
   <Item type="Can Add" id="670998C0C9DC49A69CDFA89322F114F1" action="add">
    <can_add>1</can_add>
    <related_id keyed_name="Teacher" type="Identity">816987F255CA43EAB29C5FA57A95B79A</related_id>
    <sort_order>256</sort_order>
    <source_id keyed_name="Student Mark" type="ItemType" name="Student Mark">7C7DC31A12984CD3922B27D868DD3E47</source_id>
   </Item>
   <Item type="Can Add" id="251F0574B9E3472DAC84152723F890CB" action="add">
    <can_add>0</can_add>
    <related_id keyed_name="World" type="Identity">
     <Item type="Identity" action="get" select="id">
      <name>World</name>
     </Item>
    </related_id>
    <sort_order>384</sort_order>
    <source_id keyed_name="Student Mark" type="ItemType" name="Student Mark">7C7DC31A12984CD3922B27D868DD3E47</source_id>
   </Item>
   <Item type="Allowed Permission" id="46B9D6F0D1594EC59DCD0A60792E1CD0" action="add">
    <is_default>1</is_default>
    <related_id keyed_name="Student Mark" type="Permission">11016DFB027B4292985C71EE21A12086</related_id>
    <sort_order>128</sort_order>
    <source_id keyed_name="Student Mark" type="ItemType" name="Student Mark">7C7DC31A12984CD3922B27D868DD3E47</source_id>
   </Item>
   <Item type="Allowed Permission" id="0587EA5406CA48C38766BAC9DEC96E2C" action="add">
    <is_default>0</is_default>
    <related_id keyed_name="Default Access" type="Permission">9122CD065CF04141B8EFE263FC80BEA4</related_id>
    <sort_order>256</sort_order>
    <source_id keyed_name="Student Mark" type="ItemType" name="Student Mark">7C7DC31A12984CD3922B27D868DD3E47</source_id>
   </Item>
  </Relationships>
 </Item>
 <Item type="ItemType" id="7C7DC31A12984CD3922B27D868DD3E47" action="edit">
  <Relationships>
   <Item type="Property" action="edit" where="source_id='7C7DC31A12984CD3922B27D868DD3E47' and name='superseded_date'">
    <column_alignment>left</column_alignment>
    <data_type>date</data_type>
    <is_hidden>1</is_hidden>
    <is_hidden2>1</is_hidden2>
    <is_indexed>0</is_indexed>
    <is_keyed>0</is_keyed>
    <is_multi_valued>0</is_multi_valued>
    <is_required>0</is_required>
    <label xml:lang="en">Superseded Date</label>
    <pattern>short_date_time</pattern>
    <range_inclusive>0</range_inclusive>
    <readonly>0</readonly>
    <sort_order>3200</sort_order>
    <source_id keyed_name="Student Mark" type="ItemType" name="Student Mark">7C7DC31A12984CD3922B27D868DD3E47</source_id>
    <track_history>0</track_history>
    <name>superseded_date</name>
   </Item>
  </Relationships>
 </Item>
</AML>