﻿<AML>
 <Item type="ItemType" id="AC8B8FA09D79421287ACD5ACC3F99123" action="add">
  <allow_private_permission>1</allow_private_permission>
  <auto_search>1</auto_search>
  <enforce_discovery>1</enforce_discovery>
  <hide_where_used>0</hide_where_used>
  <history_template keyed_name="Default" type="History Template">3BC16EF9E52B4F9792AB76BCE0492F29</history_template>
  <implementation_type>table</implementation_type>
  <instance_data>STUDENT</instance_data>
  <is_dependent>0</is_dependent>
  <is_relationship>0</is_relationship>
  <is_versionable>0</is_versionable>
  <label xml:lang="en">student</label>
  <label_plural xml:lang="en">students</label_plural>
  <large_icon>../Images/Admin.svg</large_icon>
  <open_icon>../Images/Admin.svg</open_icon>
  <revisions keyed_name="Default" type="Revision">7FE395DD8B9F4E1090756A34B733D75E</revisions>
  <show_parameters_tab>0</show_parameters_tab>
  <structure_view>tabs on</structure_view>
  <unlock_on_logout>0</unlock_on_logout>
  <use_src_access>0</use_src_access>
  <name>Student</name>
  <Relationships>
   <Item type="ITPresentationConfiguration" id="6F69255B8979E4396B77D6069BFA2DFF" action="add">
    <client>js</client>
    <related_id keyed_name="Student_TOC_Configuration" type="PresentationConfiguration">6F69255B8979E43936326AA7318BB90D</related_id>
    <sort_order>128</sort_order>
    <source_id keyed_name="Student" type="ItemType" name="Student">AC8B8FA09D79421287ACD5ACC3F99123</source_id>
   </Item>
   <Item type="Property" id="FA70D79CD91D49F9ADC66D8EAF44CEC5" action="add">
    <column_alignment>left</column_alignment>
    <data_type>text</data_type>
    <is_hidden>0</is_hidden>
    <is_hidden2>0</is_hidden2>
    <is_indexed>0</is_indexed>
    <is_keyed>0</is_keyed>
    <is_multi_valued>0</is_multi_valued>
    <is_required>0</is_required>
    <label xml:lang="en">Address</label>
    <range_inclusive>0</range_inclusive>
    <readonly>0</readonly>
    <sort_order>4480</sort_order>
    <source_id keyed_name="Student" type="ItemType" name="Student">AC8B8FA09D79421287ACD5ACC3F99123</source_id>
    <track_history>0</track_history>
    <name>stud_address</name>
   </Item>
   <Item type="Property" id="BE4FA57ACEB349AB9119407C586AE760" action="add">
    <column_alignment>left</column_alignment>
    <data_type>ml_string</data_type>
    <is_hidden>0</is_hidden>
    <is_hidden2>0</is_hidden2>
    <is_indexed>0</is_indexed>
    <is_keyed>0</is_keyed>
    <is_multi_valued>0</is_multi_valued>
    <is_required>0</is_required>
    <label xml:lang="en">Email Address</label>
    <range_inclusive>0</range_inclusive>
    <readonly>0</readonly>
    <sort_order>3456</sort_order>
    <source_id keyed_name="Student" type="ItemType" name="Student">AC8B8FA09D79421287ACD5ACC3F99123</source_id>
    <stored_length>256</stored_length>
    <track_history>0</track_history>
    <name>stud_email</name>
   </Item>
   <Item type="Property" id="CF2C1B2EDE984CC5B4CDAF1CE5B9CAE9" action="add">
    <column_alignment>left</column_alignment>
    <data_type>text</data_type>
    <is_hidden>0</is_hidden>
    <is_hidden2>0</is_hidden2>
    <is_indexed>0</is_indexed>
    <is_keyed>0</is_keyed>
    <is_multi_valued>0</is_multi_valued>
    <is_required>0</is_required>
    <label xml:lang="en">Grade</label>
    <range_inclusive>0</range_inclusive>
    <readonly>0</readonly>
    <sort_order>4736</sort_order>
    <source_id keyed_name="Student" type="ItemType" name="Student">AC8B8FA09D79421287ACD5ACC3F99123</source_id>
    <track_history>0</track_history>
    <name>stud_grade</name>
   </Item>
   <Item type="Property" id="0993BE80761C48D09C793AC7ABDF738E" action="add">
    <column_alignment>left</column_alignment>
    <data_type>string</data_type>
    <is_hidden>0</is_hidden>
    <is_hidden2>0</is_hidden2>
    <is_indexed>0</is_indexed>
    <is_keyed>0</is_keyed>
    <is_multi_valued>0</is_multi_valued>
    <is_required>0</is_required>
    <label xml:lang="en">Mobile No</label>
    <range_inclusive>0</range_inclusive>
    <readonly>0</readonly>
    <sort_order>4224</sort_order>
    <source_id keyed_name="Student" type="ItemType" name="Student">AC8B8FA09D79421287ACD5ACC3F99123</source_id>
    <stored_length>10</stored_length>
    <track_history>0</track_history>
    <name>stud_mobileno</name>
   </Item>
   <Item type="Property" id="18DCE6BC26BB4E378F94402418BE129B" action="add">
    <column_alignment>left</column_alignment>
    <data_type>string</data_type>
    <is_hidden>0</is_hidden>
    <is_hidden2>0</is_hidden2>
    <is_indexed>0</is_indexed>
    <is_keyed>0</is_keyed>
    <is_multi_valued>0</is_multi_valued>
    <is_required>0</is_required>
    <label xml:lang="en">Parent</label>
    <range_inclusive>0</range_inclusive>
    <readonly>0</readonly>
    <sort_order>4096</sort_order>
    <source_id keyed_name="Student" type="ItemType" name="Student">AC8B8FA09D79421287ACD5ACC3F99123</source_id>
    <stored_length>32</stored_length>
    <track_history>0</track_history>
    <name>stud_parent</name>
   </Item>
   <Item type="Property" id="244B71FD0A064DFB962F17D87CBEE943" action="add">
    <column_alignment>left</column_alignment>
    <data_type>float</data_type>
    <is_hidden>0</is_hidden>
    <is_hidden2>0</is_hidden2>
    <is_indexed>0</is_indexed>
    <is_keyed>0</is_keyed>
    <is_multi_valued>0</is_multi_valued>
    <is_required>0</is_required>
    <label xml:lang="en">Percentage</label>
    <range_inclusive>0</range_inclusive>
    <readonly>0</readonly>
    <sort_order>4608</sort_order>
    <source_id keyed_name="Student" type="ItemType" name="Student">AC8B8FA09D79421287ACD5ACC3F99123</source_id>
    <track_history>0</track_history>
    <name>stud_percentage</name>
   </Item>
   <Item type="Property" id="BAFE9CFC09D447698466226226EF9919" action="add">
    <column_alignment>left</column_alignment>
    <data_type>integer</data_type>
    <is_hidden>0</is_hidden>
    <is_hidden2>0</is_hidden2>
    <is_indexed>0</is_indexed>
    <is_keyed>0</is_keyed>
    <is_multi_valued>0</is_multi_valued>
    <is_required>0</is_required>
    <label xml:lang="en">Roll Number</label>
    <range_inclusive>0</range_inclusive>
    <readonly>0</readonly>
    <sort_order>4864</sort_order>
    <source_id keyed_name="Student" type="ItemType" name="Student">AC8B8FA09D79421287ACD5ACC3F99123</source_id>
    <track_history>0</track_history>
    <name>stud_rollno</name>
   </Item>
   <Item type="Property" id="C296575A141E4FCDA42CE7F8E928D2D3" action="add">
    <column_alignment>left</column_alignment>
    <data_type>string</data_type>
    <is_hidden>0</is_hidden>
    <is_hidden2>0</is_hidden2>
    <is_indexed>0</is_indexed>
    <is_keyed>0</is_keyed>
    <is_multi_valued>0</is_multi_valued>
    <is_required>0</is_required>
    <label xml:lang="en">Student Name</label>
    <range_inclusive>0</range_inclusive>
    <readonly>0</readonly>
    <sort_order>3072</sort_order>
    <source_id keyed_name="Student" type="ItemType" name="Student">AC8B8FA09D79421287ACD5ACC3F99123</source_id>
    <stored_length>32</stored_length>
    <track_history>0</track_history>
    <name>student_name</name>
   </Item>
   <Item type="View" id="E1B9D6AB52354173B30549A53D6663B0" action="add">
    <client>js</client>
    <related_id keyed_name="Student" type="Form">E8AB12A4BCAE4DA6ACA533CDCE8EFF1E</related_id>
    <role keyed_name="World" type="Identity">
     <Item type="Identity" action="get" select="id">
      <name>World</name>
     </Item>
    </role>
    <show_ssvc>0</show_ssvc>
    <sort_order>128</sort_order>
    <source_id keyed_name="Student" type="ItemType" name="Student">AC8B8FA09D79421287ACD5ACC3F99123</source_id>
    <type>default</type>
   </Item>
   <Item type="Server Event" id="288DA546E3C34ABC883DF861A7D9366B" action="add">
    <event_version>version_1</event_version>
    <is_required>0</is_required>
    <related_id keyed_name="Email" type="Method">
     <Item type="Method" action="get" select="id">
      <name>Email</name>
     </Item>
    </related_id>
    <server_event>onAfterAdd</server_event>
    <sort_order>128</sort_order>
    <source_id keyed_name="Student" type="ItemType" name="Student">AC8B8FA09D79421287ACD5ACC3F99123</source_id>
   </Item>
   <Item type="Server Event" id="E3251C299EC94F4AB8B39238E3E4C801" action="add">
    <event_version>version_1</event_version>
    <is_required>0</is_required>
    <related_id keyed_name="Student_phone" type="Method">
     <Item type="Method" action="get" select="id">
      <name>Student_phone</name>
     </Item>
    </related_id>
    <server_event>onAfterAdd</server_event>
    <sort_order>256</sort_order>
    <source_id keyed_name="Student" type="ItemType" name="Student">AC8B8FA09D79421287ACD5ACC3F99123</source_id>
   </Item>
   <Item type="Item Action" id="7AA600228DCA4BABA558CF173DE773C8" action="add">
    <related_id keyed_name="Calculate_Percentage" type="Action">484D9E24E6674EDA88208E252BC4F8DD</related_id>
    <sort_order>128</sort_order>
    <source_id keyed_name="Student" type="ItemType" name="Student">AC8B8FA09D79421287ACD5ACC3F99123</source_id>
   </Item>
   <Item type="ItemType Life Cycle" id="2E0568D86E9241D88A9D37DD34B1F8A3" action="add">
    <related_id keyed_name="Student" type="Life Cycle Map">964B3F7FFA9D41BB959F617D6B7B132F</related_id>
    <sort_order>128</sort_order>
    <source_id keyed_name="Student" type="ItemType" name="Student">AC8B8FA09D79421287ACD5ACC3F99123</source_id>
   </Item>
   <Item type="Allowed Workflow" id="0AAE912BBD2048118511E74F3254F452" action="add">
    <is_default>1</is_default>
    <related_id keyed_name="Student WorkFlow Map" type="Workflow Map">6C36D239983A4AA3BE393E4E9C36005D</related_id>
    <sort_order>128</sort_order>
    <source_id keyed_name="Student" type="ItemType" name="Student">AC8B8FA09D79421287ACD5ACC3F99123</source_id>
   </Item>
   <Item type="TOC Access" id="BFCF2BF2086349788509FA00ACD2AA93" action="add">
    <related_id keyed_name="World" type="Identity">
     <Item type="Identity" action="get" select="id">
      <name>World</name>
     </Item>
    </related_id>
    <sort_order>128</sort_order>
    <source_id keyed_name="Student" type="ItemType" name="Student">AC8B8FA09D79421287ACD5ACC3F99123</source_id>
    <category>Administration/SR</category>
   </Item>
   <Item type="Client Event" id="CE8C4963F4FF4A32B5B026610E03EA28" action="add">
    <related_id keyed_name="Percent_Calculator" type="Method">
     <Item type="Method" action="get" select="id">
      <name>Percent_Calculator</name>
     </Item>
    </related_id>
    <sort_order>128</sort_order>
    <source_id keyed_name="Student" type="ItemType" name="Student">AC8B8FA09D79421287ACD5ACC3F99123</source_id>
   </Item>
   <Item type="Can Add" id="5C995C0A0AC9454DA0C495F64EBF3160" action="add">
    <can_add>1</can_add>
    <related_id keyed_name="Office Staff" type="Identity">A00E3337B4D04CC39791EA51C5BC2B67</related_id>
    <sort_order>128</sort_order>
    <source_id keyed_name="Student" type="ItemType" name="Student">AC8B8FA09D79421287ACD5ACC3F99123</source_id>
   </Item>
   <Item type="Can Add" id="358F03A66AA64255ABCB0542DAFD6C72" action="add">
    <can_add>0</can_add>
    <related_id keyed_name="World" type="Identity">
     <Item type="Identity" action="get" select="id">
      <name>World</name>
     </Item>
    </related_id>
    <sort_order>384</sort_order>
    <source_id keyed_name="Student" type="ItemType" name="Student">AC8B8FA09D79421287ACD5ACC3F99123</source_id>
   </Item>
   <Item type="Can Add" id="A8D923D046F14831B5E92A0702C8CEAC" action="add">
    <can_add>1</can_add>
    <related_id keyed_name="Principal" type="Identity">F1CA0E15829047E597DCE0A4AC5BC04C</related_id>
    <sort_order>512</sort_order>
    <source_id keyed_name="Student" type="ItemType" name="Student">AC8B8FA09D79421287ACD5ACC3F99123</source_id>
   </Item>
   <Item type="Allowed Permission" id="E4B88C1B57C84295AB72651D20ACF42F" action="add">
    <is_default>1</is_default>
    <related_id keyed_name="Student" type="Permission">BBD55E18C6104B16A851EDCB40906967</related_id>
    <sort_order>128</sort_order>
    <source_id keyed_name="Student" type="ItemType" name="Student">AC8B8FA09D79421287ACD5ACC3F99123</source_id>
   </Item>
   <Item type="Allowed Permission" id="AE80C5A290984619BD58BF86E5B9552E" action="add">
    <is_default>0</is_default>
    <related_id keyed_name="Default Access" type="Permission">9122CD065CF04141B8EFE263FC80BEA4</related_id>
    <sort_order>256</sort_order>
    <source_id keyed_name="Student" type="ItemType" name="Student">AC8B8FA09D79421287ACD5ACC3F99123</source_id>
   </Item>
  </Relationships>
 </Item>
</AML>